# Cloudflare Pages redirects
# Comprehensive redirect rules for static site

# Root redirects
/ /index.html 200

# Public assets - ensure JS, CSS, and images are served correctly
/public/js/* /public/js/:splat 200
/public/css/* /public/css/:splat 200
/public/images/* /public/images/:splat 200
/public/data/* /public/data/:splat 200

# Blog redirects
/blog /blog.html 200
/blog/* /blog/:splat.html 200

# Broker redirects
/broker/* /broker/:splat.html 200
/brokers /brokers.html 200

# Specific broker redirects (ensure all broker slugs redirect correctly)
/broker/libertex /broker/libertex.html 200
/broker/xm-group /broker/xm-group.html 200
/broker/xm /broker/xm-group.html 200
/broker/etoro /broker/etoro.html 200
/broker/plus500 /broker/plus500.html 200
/broker/avatrade /broker/avatrade.html 200
/broker/ig-markets /broker/ig-markets.html 200
/broker/ig /broker/ig-markets.html 200
/broker/interactive-brokers /broker/interactive-brokers.html 200

# Category pages redirects
/forex-trading /forex-trading.html 200
/stocks-trading /stocks-trading.html 200
/crypto-trading /crypto-trading.html 200
/cfd-trading /cfd-trading.html 200
/commodities-trading /commodities-trading.html 200
/education-training /education-training.html 200

# Guide pages redirects
/how-to-choose-broker /how-to-choose-broker.html 200
/regulated-brokers-latam /regulated-brokers-latam.html 200
/trading-platforms-latam /trading-platforms-latam.html 200
/payment-methods-latam /payment-methods-latam.html 200
/compare-brokers /broker-comparison.html 200
/broker-comparison /broker-comparison.html 200

# Payment method pages redirects
/brokers-spei /brokers-spei.html 200
/brokers-pse /brokers-pse.html 200
/brokers-cbu-alias /brokers-cbu-alias.html 200
/brokers-webpay /brokers-webpay.html 200

# Comparison pages redirects
/libertex-vs-etoro /libertex-vs-etoro.html 200
/etoro-vs-xtb /etoro-vs-xtb.html 200
/interactive-brokers-vs-etoro /interactive-brokers-vs-etoro.html 200
/avatrade-vs-xtb /avatrade-vs-xtb.html 200
/cmc-markets-vs-plus500 /cmc-markets-vs-plus500.html 200
/admirals-vs-ic-markets /admirals-vs-ic-markets.html 200

# Best brokers pages redirects
/best-brokers-beginners /best-brokers-beginners.html 200
/best-brokers-advanced /best-brokers-advanced.html 200
/best-crypto-brokers /best-crypto-brokers.html 200
/best-day-trading-brokers /best-day-trading-brokers.html 200
/best-futures-brokers /best-futures-brokers.html 200
/best-low-fee-brokers /best-low-fee-brokers.html 200
/best-mobile-trading-apps /best-mobile-trading-apps.html 200
/best-no-minimum-deposit-brokers /best-no-minimum-deposit-brokers.html 200
/best-options-brokers /best-options-brokers.html 200
/best-scalping-brokers /best-scalping-brokers.html 200
/best-stock-trading-brokers /best-stock-trading-brokers.html 200
/best-swing-trading-brokers /best-swing-trading-brokers.html 200

# Reviews redirects
/reviews /reviews.html 200

# Blog post redirects (all blog posts)
/blog/guia-forex-principiantes /blog/guia-forex-principiantes.html 200
/blog/futuro-criptomonedas-latam /blog/futuro-criptomonedas-latam.html 200
/blog/mejores-brokers-forex-latam /blog/mejores-brokers-forex-latam.html 200
/blog/como-empezar-trading-forex /blog/como-empezar-trading-forex.html 200
/blog/estrategias-scalping-forex /blog/estrategias-scalping-forex.html 200
/blog/analisis-tecnico-forex /blog/analisis-tecnico-forex.html 200
/blog/gestion-riesgo-forex /blog/gestion-riesgo-forex.html 200
/blog/mejores-pares-divisas-operar /blog/mejores-pares-divisas-operar.html 200
/blog/bonos-brokers-forex /blog/bonos-brokers-forex.html 200
/blog/cuenta-demo-vs-real /blog/cuenta-demo-vs-real.html 200
/blog/apalancamiento-forex-guia /blog/apalancamiento-forex-guia.html 200
/blog/horarios-mejores-operar-forex /blog/horarios-mejores-operar-forex.html 200
/blog/spreads-forex-explicacion /blog/spreads-forex-explicacion.html 200
/blog/stop-loss-take-profit /blog/stop-loss-take-profit.html 200
/blog/psicologia-trading-exito /blog/psicologia-trading-exito.html 200
/blog/errores-comunes-traders /blog/errores-comunes-traders.html 200
/blog/trading-forex-movil /blog/trading-forex-movil.html 200
/blog/copy-trading-guia /blog/copy-trading-guia.html 200
/blog/impuestos-trading-latam /blog/impuestos-trading-latam.html 200
/blog/brokers-regulados-latam /blog/brokers-regulados-latam.html 200
/blog/metodos-pago-brokers-latam /blog/metodos-pago-brokers-latam.html 200
/blog/mejores-brokers-crypto-latam /blog/mejores-brokers-crypto-latam.html 200
/blog/trading-acciones-latam /blog/trading-acciones-latam.html 200
/blog/cfd-trading-guia /blog/cfd-trading-guia.html 200
/blog/commodities-trading-guia /blog/commodities-trading-guia.html 200
/blog/estrategias-day-trading /blog/estrategias-day-trading.html 200

# Additional blog post redirects from existing structure (fallback)
/blog/errores-comunes-trading /blog/errores-comunes-trading.html 200
/blog/elegir-mejor-broker-2024 /blog/elegir-mejor-broker-2024.html 200
/blog/seguridad-trading-proteger-capital /blog/seguridad-trading-proteger-capital.html 200
/blog/trading-oro-guia-completa /blog/trading-oro-guia-completa.html 200
/blog/psicologia-trading-control-emocional /blog/psicologia-trading-control-emocional.html 200
/blog/analisis-tecnico-vs-fundamental /blog/analisis-tecnico-vs-fundamental.html 200
/blog/metatrader-4-vs-5 /blog/metatrader-4-vs-5.html 200
/blog/gestion-riesgo-trading /blog/gestion-riesgo-trading.html 200
/blog/metodos-pago-latam /blog/metodos-pago-latam.html 200
/blog/cuentas-demo-trading /blog/cuentas-demo-trading.html 200
/blog/estrategias-trading-principiantes /blog/estrategias-trading-principiantes.html 200
/blog/trading-movil-apps /blog/trading-movil-apps.html 200
/blog/social-trading-guia /blog/social-trading-guia.html 200
/blog/impuestos-trading-latam /blog/impuestos-trading-latam.html 200
